"carat","cut","color","clarity","depth","table","price","x","y","z"
0.99,"Good","F","SI2",63.3,54,4052,6.36,6.43,4.05
0.33,"Ideal","E","VS2",60.5,56,928,4.51,4.48,2.72
0.31,"Good","E","SI1",63.1,57,544,4.28,4.31,2.71
0.72,"Premium","F","SI1",61.7,59,2492,5.74,5.7,3.53
0.55,"Ideal","G","VS2",60.1,55,1634,5.33,5.37,3.22
0.34,"Ideal","G","VS2",61.5,57,765,4.51,4.47,2.76
1.39,"Very Good","E","VS1",60.9,61,12614,7.15,7.19,4.37
0.5,"Good","E","VS2",64.9,59,1389,4.89,4.94,3.19
0.32,"Premium","G","VS2",62.3,60,561,4.37,4.4,2.73
1,"Fair","I","I1",66.9,57,1997,6.15,6.03,4.09
0.32,"Premium","G","VS1",61,59,828,4.43,4.39,2.69
1.04,"Ideal","H","VS1",62.7,55,5577,6.43,6.49,4.05
2.01,"Premium","J","VS2",61.8,61,12541,8.06,7.97,4.95
0.71,"Premium","E","SI1",61.8,56,2516,5.77,5.72,3.55
1,"Very Good","F","VS1",62.1,60,6883,6.33,6.42,3.96
0.33,"Ideal","F","VVS2",60.9,56,974,4.47,4.5,2.73
0.6,"Ideal","G","VS1",61.1,57,2147,5.41,5.45,3.32
0.61,"Ideal","D","SI1",62,55,1927,5.44,5.47,3.38
1,"Very Good","F","VS2",63.4,58,6818,6.3,6.39,4.02
0.41,"Ideal","E","VVS2",61.4,53.9,1186,4.79,4.81,2.95
0.71,"Good","E","SI1",62.8,64,2817,5.6,5.54,3.5
1.26,"Premium","H","SI1",62.1,57,6435,6.94,6.88,4.29
1.51,"Premium","H","SI1",62,58,9511,7.38,7.34,4.56
0.72,"Very Good","H","VS1",62.2,54,2877,5.74,5.76,3.57
0.29,"Ideal","H","VVS1",62.1,55,607,4.28,4.3,2.66
0.71,"Very Good","H","SI1",62.5,63,1986,5.66,5.63,3.53
0.28,"Ideal","E","VVS2",62.1,56,828,4.21,4.19,2.61
0.36,"Ideal","E","VS2",62.1,55,789,4.54,4.58,2.83
0.54,"Ideal","D","VS2",61.2,56,1725,5.24,5.28,3.22
0.5,"Good","E","SI1",63.2,57,1316,5.03,5.06,3.19
0.31,"Very Good","F","VS1",61,57.5,679,4.37,4.39,2.67
1.23,"Ideal","I","VS2",62.4,58,6817,6.82,6.86,4.27
1.2,"Good","H","SI2",64.1,57,4704,6.68,6.65,4.27
1.05,"Ideal","E","VVS2",62.4,56,8982,6.49,6.52,4.06
1.07,"Very Good","E","VS2",62.5,57,6120,6.53,6.6,4.1
0.3,"Good","G","VS1",63.1,59,605,4.25,4.27,2.69
2.28,"Good","J","SI1",63.7,55,14220,8.28,8.35,5.3
0.72,"Premium","G","SI2",60.6,61,1588,5.83,5.75,3.51
2.03,"Ideal","J","VS2",60.5,57,14083,8.26,8.2,4.98
0.23,"Very Good","F","VS1",63.2,58,483,3.89,3.86,2.45
0.42,"Ideal","D","VVS2",62.1,55,1389,4.81,4.78,2.98
0.96,"Fair","G","I1",64.5,60,2068,6.16,6.11,3.96
0.53,"Ideal","F","VVS1",62.1,53.2,2273,5.17,5.21,3.22
1.5,"Premium","G","SI2",60.7,58,8316,7.39,7.33,4.47
0.7,"Very Good","D","SI1",64,53,2242,5.57,5.61,3.58
0.74,"Good","E","VS1",63.4,55,3416,5.76,5.78,3.66
0.36,"Very Good","H","SI1",59.3,60,518,4.62,4.65,2.75
0.8,"Ideal","F","VS1",61.2,56,3860,5.98,6.01,3.67
1.72,"Very Good","D","SI2",63.4,62,12360,7.59,7.53,4.79
1.38,"Ideal","J","SI1",61.8,56,6260,7.17,7.14,4.42
0.57,"Ideal","D","VS2",61.8,56,1998,5.31,5.34,3.29
0.3,"Ideal","F","IF",61.8,55,873,4.31,4.33,2.67
0.31,"Ideal","D","SI1",62.4,53,571,4.33,4.35,2.71
0.34,"Ideal","D","IF",62.1,57,2346,4.52,4.46,2.79
0.7,"Very Good","G","SI1",62.2,58,2095,5.63,5.66,3.51
0.31,"Ideal","F","VS2",61.9,57,749,4.34,4.32,2.68
1.01,"Ideal","G","VS2",62.1,57,6734,6.4,6.45,3.99
2,"Good","G","SI2",64.2,60,9999,7.89,7.81,5.04
0.73,"Ideal","H","SI1",62.9,56,2269,5.79,5.75,3.63
0.32,"Ideal","F","VS2",62.8,57,828,4.36,4.33,2.73
0.35,"Ideal","D","VVS1",60.6,56,1330,4.58,4.59,2.78
0.5,"Ideal","E","VS2",61.5,55,1554,5.11,5.16,3.16
1,"Premium","F","SI2",61.7,58,3858,6.36,6.32,3.91
1.02,"Very Good","I","SI2",63.2,60,4155,6.37,6.41,4.04
1.23,"Premium","F","VS2",62.9,58,8486,6.82,6.76,4.27
0.27,"Ideal","E","VVS2",62.2,55,799,4.17,4.12,2.58
0.92,"Very Good","D","SI2",60.2,61,3057,6.27,6.32,3.79
0.7,"Premium","E","SI1",62,60,2444,5.72,5.67,3.53
0.34,"Premium","J","VS2",62.3,60,536,4.49,4.46,2.79
1,"Very Good","F","VS1",58.4,63,6021,6.58,6.47,3.81
0.3,"Ideal","H","VVS2",61.1,55,605,4.32,4.36,2.65
0.8,"Good","G","VS2",64.2,58,2753,5.84,5.81,3.74
1.31,"Premium","I","SI1",63,57,5869,6.96,6.91,4.37
1.06,"Ideal","F","SI1",62.2,57,5613,6.52,6.5,4.05
1.37,"Premium","E","SI2",61,57,6751,7.25,7.19,4.4
0.32,"Ideal","D","SI2",61.1,56,612,4.41,4.39,2.69
0.7,"Ideal","F","SI1",62.6,57,2453,5.59,5.62,3.51
0.71,"Good","I","SI1",63.6,63,1774,5.64,5.61,3.58
0.41,"Ideal","I","IF",61.8,55,930,4.77,4.81,2.96
0.59,"Premium","D","VVS2",62.6,58,2515,5.34,5.4,3.36
0.51,"Ideal","D","VS2",61.9,57,1882,5.13,5.11,3.17
0.51,"Very Good","E","SI2",63,56,1067,5.12,5.14,3.23
0.41,"Very Good","D","VS1",63.4,56,991,4.7,4.76,3
1.01,"Premium","F","SI1",60.3,58,4829,6.53,6.61,3.96
1.2,"Very Good","H","SI1",62.4,57,5868,6.76,6.8,4.23
0.33,"Ideal","E","VVS1",62.2,54,906,4.46,4.48,2.78
0.8,"Ideal","F","VS2",62.7,54,3369,5.95,5.91,3.72
0.7,"Very Good","I","VS1",62.2,57,2332,5.69,5.72,3.55
1.01,"Very Good","G","VS2",61.9,56,6105,6.34,6.42,3.95
0.33,"Ideal","D","VS2",62.1,54,1002,4.46,4.43,2.76
0.34,"Ideal","F","VVS1",61.4,55,919,4.52,4.54,2.78
0.7,"Premium","G","VS1",58.3,58,2459,5.9,5.86,3.43
0.45,"Fair","F","SI1",66.8,59,794,4.79,4.63,3.16
0.37,"Premium","H","VVS2",61.3,58,746,4.6,4.63,2.83
1.24,"Very Good","G","SI2",60.5,60,6354,6.93,7.01,4.22
0.82,"Premium","H","SI1",59.9,57,2721,6.11,6.07,3.65
0.47,"Very Good","G","SI1",62.8,56,1133,4.96,4.93,3.11
0.66,"Very Good","F","SI2",61.6,54,1311,5.62,5.64,3.47
1.11,"Premium","G","SI2",62.5,57,3804,6.54,6.49,4.07
0.33,"Ideal","G","IF",61.7,58,968,4.42,4.46,2.74
1.2,"Premium","F","VVS2",62.8,60,10580,6.79,6.74,4.25
0.83,"Premium","F","VS2",61.9,58,3408,6.05,6.01,3.73
0.34,"Good","G","VVS2",58,61,826,4.56,4.58,2.65
1.51,"Good","G","VVS2",63.8,59,13155,7.24,7.28,4.63
1.06,"Very Good","F","SI1",62.3,56,4995,6.5,6.57,4.07
0.38,"Ideal","I","VS1",61.5,53.9,703,4.66,4.7,2.89
0.43,"Ideal","I","VVS1",60.6,57,1120,4.88,4.94,2.97
0.57,"Premium","F","SI2",60.7,59,1746,5.38,5.33,3.25
0.5,"Ideal","H","SI1",61.9,56,1446,5.08,5.13,3.16
0.5,"Good","J","SI1",63.2,55,912,5.03,5.07,3.19
0.32,"Premium","G","VS2",59.8,59,720,4.52,4.48,2.69
1.14,"Ideal","H","SI1",61.5,55,7079,6.72,6.75,4.14
0.3,"Ideal","G","VS1",62.2,55,605,4.28,4.31,2.67
1.12,"Ideal","G","VS2",62.2,54,6774,6.65,6.62,4.13
0.37,"Ideal","F","SI1",61.6,56,746,4.61,4.65,2.85
0.4,"Ideal","D","SI1",59.6,57,772,4.77,4.82,2.86
0.51,"Very Good","E","SI1",63,58,1330,4.99,5.08,3.17
1.5,"Very Good","I","VS1",62.2,59,10164,7.27,7.3,4.53
1.08,"Premium","G","VS1",62.9,55,6982,6.6,6.53,4.13
0.44,"Good","F","SI2",56.6,63,974,5.11,5.06,2.88
0.51,"Good","E","VVS2",60.7,57.7,2523,5.17,5.19,3.14
0.3,"Good","G","VS2",58.5,64,648,4.42,4.37,2.57
0.41,"Ideal","E","VS1",61.4,55,1007,4.8,4.84,2.96
0.3,"Good","G","VVS2",63.8,56,878,4.29,4.27,2.73
1.16,"Fair","G","SI2",60.1,60,4307,6.9,6.72,4.09
0.9,"Very Good","G","VS2",62.4,61,4210,6.13,6.17,3.84
0.91,"Premium","G","VS1",62.2,58,4459,6.22,6.12,3.85
1.09,"Ideal","F","VVS2",62,56,10196,6.63,6.6,4.1
0.71,"Ideal","I","VVS1",62.6,57,2559,5.66,5.69,3.55
0.7,"Premium","H","VVS2",59.6,59,2717,5.83,5.78,3.46
1.51,"Premium","H","VS1",61,60,11263,7.34,7.29,4.46
0.54,"Ideal","I","SI1",61.4,56,1114,5.25,5.27,3.23
1.22,"Ideal","H","SI2",61.7,56,5807,6.91,6.83,4.24
0.28,"Very Good","E","VS1",60.2,58,487,4.23,4.27,2.56
0.51,"Very Good","E","SI2",60.3,56,1098,5.19,5.22,3.14
0.37,"Premium","I","VVS1",61.6,59,681,4.62,4.66,2.86
1.53,"Good","J","SI2",64.1,58,6368,7.3,7.18,4.64
0.6,"Ideal","F","VS2",60.9,55,2099,5.49,5.51,3.34
1.61,"Premium","J","VS2",61.7,59,7844,7.51,7.46,4.62
0.4,"Premium","E","VVS2",60.8,59,1056,4.77,4.73,2.89
1.38,"Ideal","G","SI2",61.4,55,7094,7.2,7.17,4.41
1.24,"Ideal","I","SI2",60.7,57,4812,6.98,6.92,4.22
1.52,"Fair","G","VS2",55.2,66,10623,7.72,7.67,4.26
0.71,"Very Good","J","SI1",59.2,58,1932,5.86,5.9,3.48
0.3,"Premium","E","SI1",62.3,58,675,4.32,4.29,2.68
2.55,"Good","H","SI2",63.7,59,14775,8.66,8.57,5.49
0.35,"Ideal","D","VS2",60.6,56,1063,4.57,4.54,2.76
0.9,"Good","D","SI2",59.5,62,3798,6.2,6.23,3.7
0.31,"Good","I","VS1",63.5,57,489,4.26,4.28,2.71
0.54,"Ideal","F","SI2",61,56,1173,5.24,5.29,3.21
1.8,"Ideal","D","SI2",62.9,54,7862,7.77,7.74,4.88
2.03,"Very Good","I","VS2",59.9,57,17297,8.14,8.25,4.91
0.31,"Good","H","VS1",63.6,55,698,4.32,4.29,2.74
1.13,"Ideal","G","VS2",62.7,56,7016,6.65,6.61,4.16
0.31,"Ideal","D","SI2",62.1,57,593,4.34,4.32,2.69
0.9,"Very Good","E","SI1",61.6,57,4463,6.19,6.25,3.83
0.61,"Ideal","D","SI1",62.1,55,1752,5.42,5.43,3.37
0.31,"Ideal","F","VS2",60.8,57,625,4.36,4.39,2.66
1.23,"Ideal","I","SI1",62.1,58,5600,6.82,6.86,4.25
0.5,"Premium","F","VS2",60.6,61,1433,5.13,5.1,3.1
1.58,"Ideal","H","VS2",62.7,56,11365,7.44,7.39,4.65
0.3,"Premium","G","VVS1",61.8,59,1013,4.33,4.28,2.66
0.36,"Ideal","G","VS2",60.6,56,664,4.62,4.67,2.81
0.52,"Ideal","F","VVS1",61.9,55,2251,5.17,5.2,3.21
0.38,"Ideal","F","VVS2",62,55,963,4.66,4.7,2.9
2.34,"Premium","I","I1",61.5,60,8491,8.47,8.43,5.2
0.34,"Good","H","VS2",63.7,57,689,4.44,4.42,2.82
0.31,"Ideal","F","VVS1",61.1,55,840,4.38,4.39,2.68
1.01,"Ideal","G","VS2",62.7,56,6108,6.43,6.39,4.02
0.5,"Ideal","E","VS2",61.4,56,1629,5.12,5.08,3.13
0.7,"Ideal","G","VVS1",61.6,57,3763,5.69,5.73,3.52
0.32,"Ideal","H","VS1",62.7,56,524,4.39,4.42,2.76
0.52,"Ideal","D","VS2",61.9,57,1822,5.14,5.17,3.19
0.7,"Ideal","H","SI1",61.4,56,2815,5.72,5.77,3.53
0.33,"Ideal","I","IF",61.7,55,675,4.45,4.49,2.76
1.22,"Ideal","H","VS1",62.7,55,5773,6.82,6.73,4.25
0.61,"Ideal","F","VS2",61.5,54,2306,5.48,5.51,3.38
0.7,"Very Good","I","VVS2",60.1,63,2415,5.81,5.74,3.47
0.31,"Ideal","F","VVS1",61.8,56,897,4.34,4.36,2.69
1.5,"Premium","F","SI1",62.8,56,11154,7.36,7.3,4.6
0.4,"Ideal","I","VS1",61.2,56,736,4.76,4.82,2.93
1.16,"Ideal","F","VVS2",60.5,57,11120,6.8,6.86,4.13
0.31,"Ideal","F","VVS1",60.4,59,779,4.35,4.43,2.65
0.71,"Premium","E","VVS1",61.8,56,3936,5.71,5.68,3.52
1.1,"Good","G","SI2",60.5,61,4457,6.69,6.74,4.06
1.06,"Fair","I","I1",64.5,57,2239,6.47,6.33,4.13
0.35,"Ideal","D","VS2",62.4,55,829,4.48,4.52,2.81
0.38,"Ideal","E","VVS2",62,57,1030,4.64,4.69,2.89
0.33,"Ideal","G","VVS2",61.7,56,965,4.46,4.42,2.74
0.43,"Good","D","VS2",59.9,61,976,4.84,4.88,2.91
0.71,"Very Good","G","SI1",61.7,56,2334,5.7,5.74,3.53
0.3,"Premium","D","SI1",62.1,58,709,4.28,4.25,2.65
0.3,"Very Good","G","VVS1",62.5,56,753,4.25,4.29,2.67
0.37,"Ideal","E","VS1",61.2,56,1124,4.67,4.64,2.85
0.79,"Ideal","H","VS2",62,56,2967,5.91,5.93,3.67
0.3,"Ideal","D","SI1",62.5,57,709,4.32,4.29,2.69
1,"Very Good","H","VS2",63,59,4842,6.43,6.34,4.02
1.07,"Premium","G","SI2",62.2,58,3545,6.56,6.49,4.06
0.36,"Ideal","E","SI1",62.9,56,810,4.57,4.52,2.86
1.11,"Ideal","F","VS2",61.8,56,9057,6.66,6.7,4.13
0.52,"Ideal","E","VS2",61.3,55,1767,5.22,5.19,3.19
1.01,"Premium","G","SI2",61.9,60,4525,6.37,6.33,3.93
0.4,"Ideal","I","VVS2",62.2,55,939,4.72,4.76,2.95
2.13,"Premium","H","SI2",62.4,56,12753,8.26,8.19,5.13
0.25,"Ideal","E","VVS2",61.6,57,576,4.08,4.1,2.52
1.08,"Ideal","G","VS1",62,55,6779,6.62,6.57,4.09
2.07,"Premium","I","VS2",61.2,58,18193,8.18,8.2,5.01
0.71,"Good","I","SI1",59.9,65,2165,5.71,5.74,3.43
0.91,"Premium","E","I1",59.6,59,2464,6.29,6.32,3.76
0.41,"Premium","F","SI2",60.9,58,784,4.82,4.8,2.93
0.33,"Premium","G","VS1",61.8,59,666,4.39,4.45,2.73
1.05,"Premium","D","SI1",61.6,61,5351,6.55,6.5,4.02
1.5,"Very Good","G","SI1",61.5,59,9645,7.31,7.39,4.52
1.21,"Premium","J","SI2",60.8,58,3984,6.93,6.88,4.19
0.3,"Ideal","G","IF",61.6,53,863,4.32,4.35,2.67
0.36,"Premium","D","VS2",59.1,58,1094,4.68,4.63,2.75
0.7,"Premium","G","SI1",59.1,59,2042,5.77,5.83,3.43
1.51,"Premium","E","VS2",62.2,59,14709,7.36,7.4,4.59
0.32,"Very Good","F","SI2",63.1,56,540,4.38,4.34,2.75
0.41,"Ideal","F","IF",61.4,58,1439,4.78,4.83,2.95
1,"Very Good","E","VS2",62.6,60,6518,6.35,6.4,3.99
1.35,"Ideal","D","VS2",61.3,57,10796,7.13,7.09,4.36
1.21,"Ideal","H","VS2",62.8,55,5882,6.79,6.74,4.25
0.71,"Premium","G","SI2",62.3,55,1977,5.72,5.68,3.55
0.9,"Very Good","G","SI2",61.4,58,3489,6.16,6.21,3.8
1.35,"Very Good","J","SI1",61.1,61,5613,7.1,7.13,4.35
0.32,"Premium","E","SI1",60.2,60,561,4.39,4.44,2.66
0.71,"Ideal","F","VS1",61.8,55,3710,5.71,5.73,3.54
0.38,"Very Good","F","SI2",60.1,60,644,4.7,4.75,2.84
1.28,"Very Good","G","VS1",59.2,57,8895,7.05,7.13,4.2
0.54,"Good","D","SI1",57.9,60,1767,5.36,5.39,3.11
1.01,"Premium","F","SI1",59.8,60,5345,6.57,6.53,3.92
1.02,"Good","I","SI1",64.2,53,3998,6.3,6.26,4.03
0.33,"Ideal","E","VS2",61.5,57,928,4.47,4.41,2.73
0.25,"Very Good","E","VVS2",62.2,61,548,3.98,4.03,2.49
0.54,"Ideal","G","VS1",60.1,57,1957,5.29,5.31,3.18
1.07,"Premium","H","SI1",61.5,57,5123,6.63,6.55,4.05
1.03,"Premium","H","I1",61.1,60,3172,6.46,6.51,3.96
0.31,"Ideal","D","SI1",62,56,533,4.35,4.39,2.71
1.23,"Ideal","F","VS2",61.7,57,9376,6.9,6.94,4.27
0.97,"Good","I","VS2",64.5,61,4355,6.16,6.21,3.99
0.44,"Ideal","G","VVS1",61.8,55,1235,4.86,4.91,3.02
0.49,"Premium","G","VS2",59.8,59,1240,5.16,5.14,3.08
0.34,"Ideal","G","VS2",61.4,57,596,4.48,4.51,2.76
1.8,"Premium","I","SI2",61.8,59,8457,7.9,7.8,4.85
0.3,"Ideal","H","VS1",62.9,56,675,4.27,4.22,2.67
0.64,"Good","F","IF",58.6,61,2980,5.69,5.71,3.34
0.5,"Very Good","D","SI1",61.9,61,1436,5.09,5.12,3.16
0.42,"Premium","F","VS1",60.9,59,1103,4.85,4.8,2.94
1.01,"Good","F","SI2",65.7,58,4049,6.12,6.2,4.05
0.71,"Ideal","I","IF",61.5,56,2925,5.74,5.77,3.54
1.08,"Very Good","E","SI2",59.8,59,4415,6.65,6.73,4
0.3,"Ideal","D","VS2",62.5,57,911,4.29,4.25,2.67
0.51,"Premium","G","VVS2",59.1,59,1974,5.21,5.18,3.07
0.52,"Very Good","G","VS2",59.2,57,1423,5.28,5.37,3.15
0.3,"Premium","I","SI1",61.4,58,506,4.33,4.3,2.65
0.42,"Premium","G","VS1",60.9,58,921,4.81,4.84,2.94
0.39,"Ideal","D","SI1",60.6,55,729,4.73,4.78,2.88
0.4,"Ideal","H","VVS1",62.2,55,1088,4.75,4.7,2.94
0.52,"Very Good","G","SI1",63.5,58,1170,5.14,5.1,3.25
0.31,"Very Good","F","VS2",60.7,61,583,4.36,4.4,2.66
0.63,"Premium","E","VS1",61.8,60,2064,5.51,5.49,3.4
1.05,"Premium","J","VS1",60,60,4116,6.46,6.43,4
1.5,"Premium","F","VS2",61.1,58,14071,7.33,7.36,4.49
0.9,"Very Good","E","SI2",58.7,63,2930,6.23,6.2,3.65
1.1,"Very Good","I","SI2",60.5,59,4202,6.65,6.71,4.04
1.53,"Premium","D","SI2",60.7,60,11078,7.45,7.41,4.51
0.93,"Premium","H","SI1",61.8,59,3750,6.27,6.23,3.86
0.31,"Ideal","E","VS2",61.5,55,872,4.41,4.37,2.7
0.37,"Very Good","D","SI1",62.2,58,681,4.58,4.62,2.86
0.91,"Premium","E","SI2",62.8,59,3898,6.16,6.13,3.86
0.38,"Very Good","I","VVS1",62.6,59,630,4.6,4.64,2.89
0.73,"Premium","I","VS2",59.7,59,2246,5.81,5.94,3.51
0.72,"Premium","F","SI1",59.3,59,2360,5.85,5.81,3.46
0.32,"Very Good","F","VVS2",61.8,60,786,4.36,4.41,2.71
1.06,"Premium","H","VS2",62.6,58,5889,6.54,6.49,4.08
0.58,"Ideal","E","SI1",61.5,55,1758,5.39,5.34,3.3
0.32,"Ideal","G","VVS1",61.2,56,814,4.42,4.44,2.71
1.27,"Very Good","I","VS2",62.4,58,6443,6.83,6.89,4.28
1.56,"Ideal","G","VS1",61.3,56,16052,7.48,7.44,4.57
0.35,"Ideal","E","VS2",61.7,55,767,4.54,4.57,2.81
0.26,"Ideal","H","VS1",61.8,56,448,4.12,4.14,2.55
1.3,"Premium","H","SI1",62.9,60,5671,6.95,6.88,4.35
1.01,"Ideal","D","VVS1",62.5,55,11767,6.44,6.39,4.01
2.03,"Ideal","I","SI1",62.9,55,11472,8.11,8.04,5.08
0.5,"Ideal","D","SI1",62.6,57,1654,5.1,5.06,3.18
2.01,"Ideal","H","SI2",61.9,57,14040,8.09,8.06,5
0.32,"Good","H","SI1",63.1,55,449,4.34,4.37,2.75
1.02,"Ideal","F","VS2",62.7,57,6614,6.44,6.47,4.05
0.51,"Ideal","G","VVS2",62.7,55,1976,5.08,5.1,3.19
1.24,"Very Good","E","VS1",62,58,10185,6.9,6.96,4.3
0.9,"Good","G","IF",61.8,61,5855,6.12,6.17,3.8
1,"Good","E","SI2",61.5,61,4258,6.35,6.43,3.93
0.72,"Ideal","H","VVS1",61.8,55,3180,5.74,5.78,3.56
0.36,"Very Good","F","VVS2",61.6,55,872,4.58,4.6,2.83
0.3,"Ideal","H","VS2",62.3,56,491,4.29,4.31,2.68
0.4,"Premium","G","SI1",62,59,702,4.71,4.74,2.93
1.03,"Ideal","D","SI2",61.8,54,5105,6.52,6.46,4.01
0.58,"Very Good","G","SI1",59.3,58,1408,5.41,5.52,3.24
1.58,"Ideal","E","SI1",61,57,13434,7.5,7.55,4.59
0.31,"Ideal","D","SI1",62,55,732,4.38,4.36,2.71
2,"Very Good","I","SI1",62.9,59.2,15081,7.95,8.08,5.05
0.7,"Very Good","G","SI1",63.3,57,2088,5.58,5.63,3.55
0.41,"Ideal","D","SI1",61.9,55,744,4.77,4.8,2.96
0.4,"Premium","E","VS1",62.4,54,1125,4.75,4.71,2.95
0.7,"Good","E","SI1",57.5,62,2498,5.81,5.85,3.35
0.34,"Ideal","E","IF",62,56,1243,4.5,4.47,2.78
1.71,"Ideal","G","VS2",61.8,57,16817,7.7,7.6,4.73
2.22,"Very Good","J","SI2",61.2,63,10662,8.33,8.23,5.07
0.55,"Ideal","F","SI1",61.7,56.4,1598,5.26,5.3,3.25
1.01,"Premium","F","SI2",58.8,61,4468,6.53,6.46,3.82
1.2,"Premium","H","VS2",62.4,59,6416,6.73,6.69,4.19
0.32,"Premium","G","VS2",62.4,59,720,4.36,4.33,2.71
0.43,"Ideal","E","SI1",62.3,57,792,4.78,4.82,2.99
0.39,"Ideal","F","SI2",62.2,55,587,4.68,4.71,2.92
1,"Very Good","G","VVS2",62.7,57,7950,6.32,6.37,3.98
1.04,"Ideal","H","VS1",62.5,53,6368,6.5,6.52,4.07
1.51,"Premium","F","SI2",59.9,58,9471,7.53,7.46,4.49
1,"Good","E","SI1",58.2,61,5330,6.53,6.57,3.81
1.57,"Premium","I","SI2",62.2,60,6401,7.43,7.36,4.6
0.34,"Ideal","E","VS1",61,57,1033,4.52,4.49,2.75
1.05,"Very Good","G","SI2",63.5,57,4427,6.39,6.43,4.07
0.32,"Premium","H","VS1",61.7,58,561,4.38,4.44,2.72
0.7,"Very Good","G","VS1",62.3,58,2631,5.63,5.67,3.52
0.32,"Ideal","I","VS2",62.3,55,466,4.39,4.41,2.74
1.26,"Good","J","VS2",63.2,57.3,5211,6.81,6.86,4.32
0.4,"Ideal","F","VVS1",62.5,57,1263,4.72,4.75,2.96
0.23,"Very Good","G","VVS2",60.4,58,354,3.97,4.01,2.41
0.52,"Very Good","E","SI1",62.8,57,1369,5.09,5.13,3.21
0.3,"Ideal","G","VVS2",61.4,57,665,4.29,4.31,2.64
0.71,"Very Good","J","VS2",62.3,57,1930,5.65,5.69,3.53
0.37,"Premium","E","SI1",61.8,58,649,4.59,4.64,2.85
2.28,"Ideal","I","SI2",62.9,57,16187,8.41,8.34,5.27
0.31,"Good","H","VVS1",63.7,56,612,4.3,4.33,2.75
0.37,"Ideal","G","VS2",62.2,57,833,4.64,4.59,2.87
0.91,"Very Good","D","SI2",60.8,58,3910,6.26,6.31,3.82
2.01,"Good","G","SI1",60.8,61,18077,7.99,8.09,4.89
0.33,"Ideal","E","VVS2",61.7,57,1114,4.44,4.41,2.73
0.7,"Premium","F","VS2",61.8,60,2818,5.69,5.64,3.5
0.7,"Very Good","G","SI2",59,62,2872,5.79,5.81,3.42
1.5,"Premium","E","VS2",61.8,59,14925,7.38,7.31,4.54
1.5,"Very Good","D","SI1",62.7,59,11442,7.21,7.24,4.53
1.17,"Premium","H","VS2",62.4,57,6163,6.74,6.69,4.19
0.53,"Premium","F","SI2",62.5,57,1242,5.17,5.11,3.21
0.7,"Premium","F","VS1",59,59,2874,5.79,5.77,3.41
0.24,"Ideal","F","VVS2",62.4,55,526,3.99,4.02,2.5
0.44,"Premium","D","SI1",61.9,59,1089,4.9,4.86,3.02
0.33,"Ideal","G","VS1",61.9,55,666,4.41,4.44,2.74
0.6,"Fair","G","SI1",65.7,55,1197,5.31,5.23,3.46
0.53,"Ideal","F","VVS2",60.8,56,2160,5.22,5.24,3.18
1.52,"Ideal","G","SI1",60.3,57,11105,7.47,7.51,4.52
0.23,"Good","E","VVS2",64.5,55,472,3.85,3.9,2.5
0.31,"Ideal","H","VS2",62.1,53.8,502,4.33,4.37,2.7
0.38,"Very Good","E","SI1",58.3,61,640,4.75,4.86,2.8
0.3,"Premium","I","SI1",61.6,59,506,4.34,4.29,2.66
1,"Good","G","SI2",58.1,65,3541,6.48,6.46,3.76
0.4,"Ideal","I","IF",62.4,56,1050,4.73,4.7,2.94
0.92,"Very Good","E","SI1",62.1,58,4562,6.15,6.22,3.84
1.22,"Ideal","F","VVS2",62.2,54,11870,6.83,6.87,4.26
0.38,"Ideal","F","I1",62.5,57,638,4.64,4.61,2.89
0.8,"Premium","F","SI2",61.7,58,2762,5.98,5.94,3.68
0.3,"Ideal","G","VVS1",60.9,56.8,735,4.34,4.38,2.65
0.8,"Premium","H","SI1",62.5,59,2553,5.96,5.91,3.71
0.51,"Ideal","F","VS1",61.7,54,1744,5.14,5.17,3.18
1.01,"Premium","D","SI1",61.5,61,5644,6.47,6.37,3.95
1.07,"Ideal","J","VS2",61.7,58,4686,6.58,6.55,4.05
0.41,"Ideal","F","VVS2",62.5,56,1115,4.72,4.75,2.96
0.9,"Premium","I","IF",62.6,59,4516,6.15,6.12,3.84
0.7,"Fair","G","SI2",58.6,56,2208,5.8,5.74,3.38
1,"Ideal","I","SI1",61.5,57,4649,6.39,6.43,3.94
0.59,"Ideal","G","SI1",61.5,57,1437,5.36,5.4,3.31
0.3,"Premium","H","SI2",60.9,59,473,4.35,4.32,2.64
0.4,"Ideal","D","VS2",62.1,53,890,4.77,4.8,2.97
0.23,"Very Good","D","VS2",62.9,57,402,3.92,3.97,2.48
1.52,"Premium","G","VS1",61.9,58,14424,7.38,7.35,4.56
0.38,"Ideal","D","VVS1",61.3,56,1400,4.65,4.71,2.87
0.57,"Ideal","F","VS1",61.3,56,2039,5.35,5.36,3.28
0.63,"Fair","E","SI1",64.6,57.7,1952,5.36,5.41,3.47
0.7,"Very Good","H","VVS1",60.5,60,2788,5.74,5.77,3.48
1,"Very Good","G","VVS2",60.5,62,7260,6.39,6.44,3.88
0.37,"Premium","F","VS2",59.7,62,894,4.7,4.68,2.8
0.56,"Ideal","H","VS1",61.8,55,1616,5.3,5.34,3.29
1.7,"Ideal","I","VS1",61.9,55,12996,7.65,7.72,4.75
0.57,"Ideal","H","SI2",62.3,56,1077,5.31,5.28,3.3
0.71,"Very Good","I","SI1",62.9,59,2008,5.66,5.7,3.57
0.41,"Premium","I","VVS2",62.9,58,1061,4.74,4.71,2.97
0.43,"Very Good","E","SI2",59,60,765,4.9,4.96,2.91
0.7,"Good","G","SI1",63.5,61,2074,5.61,5.64,3.57
1.03,"Ideal","G","SI1",62.2,59,5684,6.41,6.45,4
0.26,"Very Good","D","VVS2",62.4,54,554,4.08,4.13,2.56
1.23,"Ideal","H","VVS2",62,55,8079,6.85,6.9,4.26
0.46,"Ideal","I","VS1",62.3,56,911,4.93,4.96,3.08
1.13,"Fair","I","VS2",55.9,67,4695,7.05,6.94,3.9
1.23,"Premium","F","VS1",61.3,60,9489,6.94,6.9,4.24
0.3,"Very Good","J","VS1",63.5,58,506,4.27,4.24,2.7
0.32,"Ideal","G","VS2",61.7,57,561,4.38,4.4,2.71
1.3,"Good","E","VVS2",62.8,59,12967,6.95,6.99,4.38
0.84,"Ideal","I","VS2",61.7,55,3475,6.07,6.11,3.76
0.3,"Premium","I","VS1",59.1,59,608,4.38,4.35,2.58
0.7,"Good","D","SI2",59.3,64,2312,5.8,5.76,3.43
1.1,"Very Good","G","IF",59.8,56,9053,6.75,6.82,4.06
1.16,"Ideal","G","VS2",61.7,57,7113,6.72,6.8,4.17
0.7,"Ideal","F","SI1",60.3,58,2671,5.76,5.81,3.49
0.5,"Good","F","SI2",63.8,59,1094,5.02,4.95,3.18
1.09,"Premium","G","VS2",61,59,6906,6.6,6.65,4.04
0.74,"Ideal","F","VS1",62.3,56,3170,5.79,5.76,3.6
1.22,"Premium","I","VS2",60.1,58,5405,6.92,7,4.18
1.35,"Premium","I","SI1",62.1,58,6340,7.07,7,4.37
1.29,"Fair","H","I1",67.7,62,2596,6.69,6.59,4.5
0.9,"Good","H","VS2",61.9,58,3989,6.14,6.18,3.81
0.24,"Very Good","J","VVS2",62.8,57,336,3.94,3.96,2.48
1.01,"Very Good","F","SI2",63.5,56,3897,6.38,6.35,4.04
1,"Premium","E","VS2",62.8,60,6720,6.36,6.32,3.98
1,"Ideal","I","SI2",60.9,57,3811,6.43,6.47,3.93
0.4,"Ideal","G","SI1",61.3,56,701,4.73,4.76,2.91
0.57,"Premium","E","SI1",61.4,58,1728,5.34,5.28,3.26
0.33,"Ideal","H","VS1",61.7,54,579,4.45,4.47,2.75
0.32,"Good","I","SI1",63.1,56,432,4.36,4.39,2.76
0.73,"Premium","I","VVS2",61.5,58,2519,5.78,5.73,3.54
1.06,"Very Good","F","SI1",61.2,57,5142,6.58,6.68,4.06
0.35,"Ideal","F","SI1",62.5,54,748,4.52,4.5,2.82
1.2,"Good","I","SI1",62.3,58,5211,6.66,6.72,4.17
0.7,"Very Good","G","VS2",62.2,61,2633,5.54,5.59,3.46
0.59,"Ideal","E","SI2",62.2,55,1286,5.38,5.4,3.35
1.01,"Good","D","VS2",62.1,59,6998,6.28,6.35,3.92
0.31,"Premium","G","SI1",61.7,55,593,4.38,4.37,2.7
1.05,"Good","E","SI1",64.2,61,4878,6.33,6.41,4.09
1.72,"Ideal","G","SI2",62.8,59,10268,7.62,7.55,4.76
1.53,"Very Good","I","SI1",63,58,9183,7.24,7.32,4.59
0.33,"Ideal","G","VS1",61.4,55,666,4.44,4.48,2.74
0.35,"Ideal","G","IF",62,54,1001,4.54,4.56,2.82
0.71,"Good","F","VS1",58,61,2559,5.83,5.85,3.39
1.23,"Premium","J","VS2",58,61,4338,7.07,7.03,4.09
0.51,"Ideal","E","VS2",61.9,57,1662,5.12,5.09,3.16
0.71,"Fair","I","VS1",57.1,57,2318,5.87,5.9,3.36
0.41,"Ideal","G","VS2",62.7,56,1061,4.77,4.74,2.98
1.01,"Good","G","VS1",64,60,6509,6.29,6.33,4.04
1.2,"Ideal","J","VS2",61.8,55,5318,6.84,6.86,4.23
0.7,"Very Good","F","VS2",61.6,60,2737,5.59,5.65,3.46
0.4,"Very Good","G","SI2",61.9,61,596,4.69,4.74,2.92
0.81,"Good","I","VS1",59.4,56,3042,5.97,6.11,3.59
0.32,"Good","F","SI2",63.8,55,540,4.35,4.34,2.77
1.01,"Very Good","D","VS1",63.1,58,7575,6.34,6.3,3.99
0.4,"Ideal","F","VVS1",62.5,57,1323,4.75,4.72,2.96
0.38,"Ideal","F","VS1",61.4,57,929,4.65,4.67,2.86
1,"Premium","D","SI1",61.5,60,5488,6.38,6.34,3.91
0.9,"Premium","F","SI2",61.1,54,3457,6.29,6.27,3.84
0.31,"Very Good","H","VVS2",62.4,58,625,4.28,4.31,2.68
0.7,"Ideal","G","VS2",62.9,56,2375,5.7,5.65,3.57
0.47,"Premium","H","VS1",61.8,58,1143,4.94,4.99,3.07
0.3,"Very Good","F","SI1",62.1,60,500,4.26,4.28,2.65
1.53,"Premium","H","VS2",62.7,56,11104,7.39,7.31,4.61
1.15,"Very Good","H","SI1",60.9,57,5047,6.72,6.8,4.12
0.35,"Ideal","F","VS2",62.1,56,906,4.57,4.54,2.83
1.5,"Ideal","H","SI2",62.8,55,8614,7.27,7.31,4.58
0.31,"Ideal","G","VVS1",62,54,789,4.38,4.39,2.72
1.35,"Ideal","G","VVS2",61.5,55,13230,7.11,7.16,4.39
0.41,"Ideal","J","VS1",62.7,56,703,4.73,4.77,2.98
1.35,"Very Good","I","SI2",58.6,63,5579,7.28,7.19,4.24
0.3,"Ideal","J","VS2",61.9,56,630,4.33,4.3,2.67
0.79,"Ideal","E","VS1",62,56,4240,5.9,5.93,3.67
1.02,"Premium","H","VS2",62.4,58,5356,6.39,6.43,4
1.02,"Premium","G","VS2",61.5,59,5250,6.4,6.45,3.95
0.7,"Premium","H","VS2",62.2,58,2074,5.69,5.72,3.55
1.24,"Ideal","E","SI1",63.5,55,7701,6.86,6.82,4.35
0.31,"Ideal","D","SI1",62.9,57,732,4.32,4.27,2.7
1.04,"Premium","G","SI1",62.8,57,4467,6.5,6.41,4.05
0.25,"Ideal","F","VS1",61.1,58,595,4.04,4.08,2.48
1.03,"Premium","F","VS1",61.7,56,6783,6.49,6.47,4
1.01,"Very Good","I","SI1",60.9,59,4207,6.39,6.45,3.91
0.7,"Very Good","E","SI2",61.5,60,2263,5.65,5.7,3.49
0.3,"Ideal","G","VVS1",61.4,57,764,4.32,4.35,2.66
0.31,"Ideal","I","VS1",61.9,54,461,4.33,4.36,2.69
1.04,"Premium","G","SI1",62.3,57,4467,6.5,6.46,4.04
1.1,"Ideal","F","SI2",60.4,55,4897,6.77,6.73,4.08
0.4,"Ideal","D","SI1",62,56,990,4.71,4.68,2.91
1.74,"Premium","H","SI1",61.6,59,8653,7.7,7.62,4.72
1.05,"Premium","H","SI2",61.4,58,4116,6.58,6.54,4.03
0.9,"Good","G","SI1",57.7,62,3226,6.29,6.23,3.61
0.3,"Fair","F","VVS2",65.5,61,743,4.19,4.15,2.73
1,"Very Good","F","IF",60.1,57,10346,6.45,6.52,3.9
0.3,"Ideal","I","VS1",61,56,608,4.37,4.35,2.66
1.71,"Premium","J","VS2",60.3,61,8887,7.74,7.69,4.65
0.91,"Very Good","H","VS1",59.4,63,4670,6.32,6.28,3.74
0.34,"Good","F","VS1",60.6,63,696,4.46,4.59,2.74
1.01,"Very Good","E","VS2",62.6,59,6956,6.35,6.39,3.99
0.3,"Ideal","E","VS2",61.6,56,658,4.27,4.3,2.64
1.01,"Premium","E","SI1",59.8,59,5543,6.52,6.48,3.89
0.8,"Ideal","E","SI1",61.1,56,4053,5.98,6.01,3.66
0.52,"Good","F","SI2",58.7,64,1350,5.24,5.26,3.08
0.35,"Premium","I","VS2",61.2,58,491,4.55,4.57,2.79
0.51,"Ideal","E","VS2",61.9,55,1781,5.17,5.13,3.19
0.74,"Premium","F","SI2",59.6,58,2328,5.91,5.87,3.51
0.5,"Premium","F","VS1",59.9,61,1666,5.16,5.13,3.08
1.71,"Ideal","G","VS1",61.4,57,17204,7.72,7.65,4.72
1,"Good","E","VS2",64,58,5376,6.24,6.2,3.99
1,"Very Good","I","VS2",63.2,58,3265,6.43,6.32,4.03
2.6,"Ideal","J","SI2",62.5,56,18369,8.81,8.76,5.49
1.54,"Premium","G","VS2",61.8,58,13120,7.43,7.39,4.58
1.46,"Premium","G","SI2",59.5,59,7931,7.34,7.29,4.35
1,"Premium","H","SI2",59.6,62,3640,6.52,6.41,3.85
0.3,"Very Good","E","SI1",60.6,56,526,4.35,4.37,2.64
1.06,"Ideal","G","SI1",60.5,57,5393,6.64,6.59,4
0.71,"Good","F","VS2",63.8,58,2801,5.64,5.61,3.59
0.32,"Ideal","D","VS1",61.8,56,736,4.39,4.41,2.72
0.51,"Ideal","G","VVS1",62.6,57,2111,5.14,5.08,3.2
0.24,"Very Good","E","VVS1",61.7,58,485,3.94,4,2.45
1.21,"Ideal","G","VS1",61.1,58,8699,6.9,6.87,4.21
1,"Very Good","E","IF",62.5,55,11214,6.28,6.39,3.96
0.7,"Premium","E","SI1",61,57,2777,5.73,5.68,3.48
1.67,"Very Good","I","VS2",60.7,60,10165,7.61,7.68,4.64
0.9,"Premium","H","VVS2",60.3,61,4355,6.25,6.22,3.76
0.57,"Very Good","E","SI2",61.2,57,1315,5.31,5.35,3.26
0.3,"Ideal","E","VVS2",61.9,58,766,4.27,4.29,2.65
0.43,"Ideal","F","SI1",61.6,57,1016,4.85,4.8,2.97
1.01,"Ideal","F","SI1",62.3,58,5646,6.35,6.42,3.98
0.9,"Premium","D","SI1",61.5,58,4304,6.21,6.15,3.8
0.93,"Ideal","G","SI2",61,54,3114,6.35,6.32,3.87
1.2,"Very Good","H","VS2",62.5,59,6870,6.76,6.72,4.21
0.7,"Very Good","J","SI2",63.6,56,1609,5.57,5.63,3.56
0.53,"Very Good","E","VS2",58.3,62,1607,5.26,5.31,3.08
0.33,"Very Good","G","VS1",61,57,652,4.46,4.49,2.72
2.24,"Ideal","F","SI2",60.3,59,17989,8.47,8.5,5.12
0.3,"Very Good","G","VS2",60.8,61,526,4.31,4.34,2.63
0.92,"Ideal","G","SI1",62.6,55,4249,6.22,6.24,3.9
0.3,"Ideal","H","SI1",61.6,57,572,4.28,4.32,2.65
0.26,"Premium","H","VS1",62.3,59,382,4.06,4.1,2.54
0.41,"Ideal","F","SI1",63,56,904,4.78,4.71,2.99
0.42,"Ideal","G","IF",62.4,57,1394,4.79,4.82,3
0.33,"Ideal","E","VS2",59.3,58,681,4.53,4.51,2.68
0.5,"Fair","H","VS2",62.4,69,1122,5.07,4.99,3.14
0.5,"Very Good","H","VS2",62.3,58,1302,5.05,5.12,3.17
0.74,"Ideal","I","VS1",60.8,57,2557,5.86,5.88,3.57
0.3,"Premium","H","VVS2",62.1,52,776,4.31,4.29,2.67
0.35,"Ideal","G","IF",62.3,55,1116,4.52,4.5,2.81
2.04,"Premium","I","SI2",60.2,59,15543,8.28,8.22,4.97
1.27,"Premium","G","SI1",61.4,59,7005,6.94,6.98,4.27
1.13,"Premium","H","SI1",62.1,58,5410,6.7,6.66,4.15
0.42,"Premium","D","SI1",60.2,57,970,4.89,4.85,2.93
0.3,"Premium","H","VS1",62.3,58,675,4.28,4.26,2.66
1.02,"Fair","J","SI2",65,59,3119,6.34,6.24,4.08
0.32,"Premium","I","VS1",61.9,58,648,4.4,4.36,2.71
1.73,"Premium","E","SI1",62.6,58,16253,7.67,7.59,4.78
1.05,"Very Good","E","VS1",63.1,59,7969,6.49,6.45,4.08
1.01,"Very Good","F","VS2",58.8,63,6257,6.51,6.56,3.84
1.13,"Very Good","H","SI1",60.1,60,4959,6.73,6.77,4.06
0.33,"Very Good","G","VVS1",61.2,57,795,4.47,4.5,2.74
1.06,"Very Good","F","SI2",61.8,56.4,5258,6.51,6.56,4.04
2.03,"Ideal","I","VS2",59.9,60,15826,8.17,8.27,4.92
0.52,"Ideal","D","VS1",60.9,56,1835,5.21,5.17,3.16
1.01,"Premium","E","VS2",59.5,60,5882,6.3,6.24,3.73
1.35,"Premium","H","VS1",62.3,58,8543,7.1,7.05,4.41
1.71,"Good","G","SI2",63.7,57,6847,7.54,7.5,4.79
0.7,"Premium","G","VVS1",61.2,56,3105,5.75,5.68,3.5
1.13,"Ideal","H","SI1",62.3,56,5384,6.66,6.69,4.16
0.43,"Premium","G","VS2",59.1,60,1113,4.93,4.88,2.9
1.2,"Ideal","I","SI2",59.6,61,4890,6.95,6.97,4.15
1.13,"Fair","F","VS1",64.5,55,7335,6.62,6.56,4.25
0.36,"Very Good","E","SI1",61.3,56,631,4.58,4.62,2.82
0.64,"Good","F","VS2",59.3,60.7,2063,5.59,5.66,3.34
1.11,"Fair","J","SI2",64.8,55.1,4056,6.44,6.55,4.21
0.33,"Premium","F","VS2",62.2,58,854,4.44,4.43,2.76
0.51,"Premium","F","SI2",62.1,56,1068,5.16,5.11,3.19
2.07,"Ideal","G","SI2",62.2,54,17614,8.16,8.21,5.09
0.36,"Ideal","E","VVS2",61.8,54,928,4.6,4.62,2.85
0.31,"Ideal","F","VS1",62.1,56,872,4.35,4.32,2.69
1.51,"Ideal","F","VS2",61.7,57,13325,7.37,7.31,4.53
1,"Fair","H","SI1",65.5,57,3511,6.26,6.21,4.08
0.62,"Premium","F","VS1",60.1,58,1942,5.56,5.48,3.32
0.53,"Very Good","G","SI1",60.2,57,1367,5.22,5.28,3.16
1,"Very Good","E","SI1",59.2,59,5718,6.49,6.55,3.86
0.29,"Very Good","E","VS1",61.4,61,481,4.22,4.25,2.6
1.02,"Premium","H","SI1",61.8,56,4102,6.47,6.42,3.98
0.27,"Ideal","D","IF",62.4,56,893,4.15,4.12,2.58
2.07,"Ideal","H","SI1",60.6,56,14935,8.38,8.3,5.05
1.33,"Premium","I","VS1",61.7,58,6390,7.09,7.14,4.39
0.72,"Premium","D","VS2",60.6,57,3205,5.82,5.79,3.52
0.9,"Ideal","G","SI1",62.2,56,3931,6.2,6.14,3.84
2,"Very Good","I","SI1",59.8,59,15053,8.12,8.17,4.87
0.3,"Very Good","G","VS1",62.2,59,605,4.24,4.28,2.65
1.2,"Very Good","D","VS2",63.5,58,9138,6.68,6.71,4.25
0.38,"Very Good","D","VS2",61,58,847,4.7,4.75,2.88
1.01,"Premium","F","SI2",58.8,62,4197,6.49,6.46,3.81
0.37,"Ideal","E","VS2",61.9,53,1041,4.65,4.62,2.87
0.32,"Premium","F","VS2",61.7,58,828,4.41,4.38,2.71
0.42,"Ideal","F","VVS1",62,55,1326,4.81,4.84,2.99
1.64,"Premium","E","SI1",61.8,59,12896,7.55,7.51,4.65
1.51,"Very Good","J","SI1",62.9,59,6942,7.25,7.29,4.57
1.24,"Premium","G","VS1",62,59,7800,6.92,6.88,4.28
0.51,"Premium","E","VS1",62.3,56,1837,5.14,5.13,3.2
0.7,"Very Good","E","SI2",59.8,58,2335,5.74,5.76,3.44
0.71,"Ideal","E","VS2",61.7,56,2709,5.73,5.75,3.54
0.71,"Ideal","D","SI2",61,56,2505,5.77,5.8,3.53
0.35,"Ideal","F","SI1",62.4,55,748,4.55,4.52,2.83
1.51,"Very Good","D","VS1",62.8,57,15513,7.23,7.29,4.56
1.79,"Premium","G","VS2",61.2,58,17358,7.9,7.82,4.81
0.54,"Ideal","G","VVS1",62.2,56,2236,5.22,5.2,3.24
1.72,"Premium","H","SI1",62,57,9551,7.67,7.63,4.74
1.74,"Ideal","G","VS2",62.9,57,16316,7.68,7.64,4.82
1.54,"Premium","F","SI1",60.9,59,11790,7.46,7.56,4.57
1.04,"Ideal","G","SI2",62,56,4752,6.52,6.49,4.03
1.04,"Premium","H","SI1",61,58,5090,6.6,6.54,4.01
2.28,"Premium","J","VS2",62.4,58,16369,8.45,8.35,5.24
1.01,"Good","I","VS1",64.2,60,3484,6.35,6.27,4.05
0.5,"Very Good","F","VS2",62.8,57,1402,5.05,5.08,3.18
0.32,"Ideal","E","SI2",62.7,55,449,4.39,4.42,2.76
0.7,"Very Good","G","VS1",60.8,56,2512,5.72,5.76,3.49
0.43,"Premium","G","VVS1",62.2,58,1207,4.78,4.83,2.99
1.5,"Very Good","I","VS2",58.2,60,9118,7.5,7.58,4.39
0.52,"Premium","G","VVS2",61.1,59,1911,5.15,5.2,3.16
0.33,"Very Good","E","SI1",63.4,55,743,4.4,4.37,2.78
0.31,"Premium","E","SI1",62.7,58,605,4.35,4.32,2.72
1.12,"Premium","H","VS1",62.1,58,5845,6.6,6.64,4.11
1,"Premium","F","SI1",59.7,60,4939,6.51,6.48,3.88
0.6,"Ideal","F","VVS2",61.8,57,2298,5.36,5.42,3.33
0.81,"Ideal","G","VVS2",61.7,55.1,4127,5.97,6.04,3.71
0.32,"Ideal","G","VVS1",60.3,58,779,4.44,4.48,2.69
0.32,"Good","E","SI1",63.1,56,524,4.34,4.37,2.75
2.08,"Ideal","J","SI1",61.6,58,13038,8.15,8.22,5.04
0.51,"Very Good","D","VVS2",62.4,58,2220,5.1,5.13,3.19
1.11,"Very Good","E","SI2",61.7,63,4177,6.65,6.54,4.07
0.34,"Ideal","I","IF",62.1,54,695,4.49,4.53,2.8
0.54,"Premium","G","VVS1",60.7,56,2236,5.3,5.25,3.2
1.11,"Very Good","H","SI1",63.2,58,5192,6.53,6.61,4.15
0.55,"Ideal","G","VVS1",62.6,56,2116,5.24,5.27,3.29
0.71,"Very Good","I","VS1",63.3,58,2198,5.68,5.66,3.59
1.21,"Premium","H","SI1",62.4,56,6566,6.83,6.79,4.25
0.33,"Premium","H","VS1",59.5,59,743,4.53,4.48,2.68
1.67,"Ideal","I","VS1",61.6,59,11975,7.64,7.61,4.7
0.24,"Very Good","D","VS1",62.2,58,419,3.95,3.99,2.47
0.9,"Very Good","F","SI1",63.4,58,3950,6.09,6.12,3.87
1.01,"Ideal","E","VS2",61.6,57,7198,6.43,6.46,3.97
2.24,"Ideal","I","SI2",62.1,53.6,15730,8.38,8.41,5.21
1.07,"Ideal","D","SI1",61.8,55,5767,6.54,6.59,4.06
0.7,"Premium","E","VVS1",61.7,59,3294,5.71,5.67,3.51
0.79,"Ideal","G","VS1",62,56,3413,5.91,5.93,3.67
0.53,"Ideal","G","IF",61.8,57,2247,5.18,5.22,3.21
1.11,"Premium","G","SI1",62.4,58,5750,6.65,6.61,4.14
1,"Ideal","F","SI2",61.3,57,4425,6.4,6.46,3.94
0.4,"Very Good","D","SI2",63.1,56,798,4.67,4.65,2.94
0.54,"Ideal","G","VVS2",60.6,56,1985,5.26,5.27,3.19
1.12,"Very Good","G","SI1",62.5,58,5088,6.6,6.64,4.14
2.02,"Fair","G","I1",68,55,6346,7.77,7.72,5.27
0.77,"Ideal","F","SI2",62,56,2107,5.92,5.86,3.65
2.12,"Very Good","H","SI2",62.3,59,16151,8.15,8.19,5.09
1.01,"Premium","G","I1",61.1,61,3014,6.49,6.35,3.92
0.5,"Fair","G","SI1",65,59,1050,4.99,4.97,3.24
0.97,"Premium","G","SI1",62.6,58,4400,6.24,6.18,3.89
0.31,"Ideal","H","VS1",62,54,698,4.39,4.35,2.71
1,"Ideal","F","SI2",61,55,3562,6.45,6.41,3.92
0.71,"Premium","F","SI2",59.6,59,2409,5.79,5.75,3.44
0.76,"Ideal","I","VS2",61.3,56,2793,5.87,5.91,3.61
0.3,"Ideal","H","VVS2",60.4,56,605,4.32,4.36,2.62
1.01,"Premium","E","SI1",59.2,60,5656,6.56,6.51,3.87
0.51,"Premium","G","SI1",60.9,58,1281,5.21,5.14,3.15
0.32,"Ideal","G","SI2",61.6,56,450,4.44,4.46,2.74
0.5,"Ideal","F","VS1",62.5,57,1838,5.09,5.06,3.17
0.33,"Very Good","G","SI2",59.4,59,434,4.5,4.52,2.68
0.37,"Good","H","SI1",64,55,528,4.53,4.57,2.91
0.32,"Ideal","H","VVS1",61.2,56,708,4.44,4.48,2.73
0.9,"Good","H","SI1",64.4,58,3465,6.04,6.08,3.9
0.5,"Very Good","H","VS2",61.8,63,1178,5.08,5.05,3.13
1.02,"Good","F","SI2",63.8,53,4162,6.37,6.46,4.09
1.06,"Ideal","H","SI2",59.9,58,4749,6.67,6.63,3.98
0.24,"Very Good","F","VVS1",62.5,55,608,3.98,4.02,2.49
0.32,"Premium","H","VS2",61.4,60,505,4.39,4.41,2.7
0.3,"Premium","H","VS2",62.5,58,608,4.28,4.26,2.67
0.55,"Very Good","G","VS2",62.3,56,1551,5.24,5.29,3.28
0.3,"Very Good","E","VS2",62,58,658,4.26,4.29,2.65
0.38,"Ideal","G","VS2",61.5,54.4,768,4.65,4.7,2.88
0.72,"Ideal","I","VVS2",61.3,56,2591,5.77,5.8,3.55
0.7,"Ideal","G","SI2",62.4,55,2232,5.66,5.72,3.55
2.04,"Ideal","J","SI1",62.6,55,12696,8.08,8.12,5.07
0.7,"Premium","E","VS1",62.2,58,2826,5.66,5.6,3.5
1.07,"Ideal","G","SI2",62.4,57,4419,6.56,6.58,4.1
0.91,"Very Good","E","VS2",59.4,59,4795,6.3,6.36,3.76
1.07,"Ideal","E","VVS2",61.4,56,10043,6.65,6.55,4.05
1.23,"Good","J","VS2",63.6,57,5386,6.79,6.74,4.3
1,"Premium","H","SI2",59.8,61,3360,6.24,6.17,3.71
0.91,"Premium","H","SI2",62.7,58,3363,6.17,6.14,3.86
0.31,"Ideal","D","SI1",62.1,56,732,4.37,4.33,2.7
1.01,"Ideal","E","VS1",61.5,57,7727,6.47,6.44,3.97
0.32,"Ideal","F","VVS1",61.1,56,827,4.42,4.45,2.71
0.56,"Ideal","E","VS2",62.6,57,1915,5.29,5.26,3.3
1.06,"Very Good","F","SI2",62.6,60,4634,6.54,6.44,4.06
0.33,"Ideal","F","VVS2",60.9,57,761,4.46,4.51,2.73
0.41,"Ideal","G","VS1",62.4,57,961,4.75,4.7,2.95
1.01,"Premium","G","VS1",60.8,58,6499,6.44,6.51,3.94
0.8,"Fair","G","SI2",64.6,55,2318,5.86,5.75,3.75
0.34,"Premium","F","SI1",59.3,60,727,4.58,4.52,2.7
1.03,"Fair","D","SI2",66.4,56,3743,6.31,6.19,4.15
2.24,"Premium","H","SI2",61.8,58,10913,8.41,8.34,5.18
1.04,"Ideal","E","SI2",61.4,56,4804,6.5,6.56,4.01
0.3,"Very Good","G","VVS2",61.6,60,684,4.24,4.27,2.62
0.27,"Ideal","F","VS2",60.9,57,577,4.17,4.2,2.55
1.27,"Ideal","G","VS2",62.8,54,8705,6.92,6.87,4.33
0.4,"Ideal","F","VS1",62,56,890,4.73,4.75,2.94
0.41,"Ideal","D","SI2",62.6,55,683,4.76,4.8,2.99
0.91,"Premium","D","SI2",61,61,3943,6.24,6.16,3.78
1.01,"Premium","G","VS2",62.9,58,6108,6.39,6.3,3.99
0.53,"Ideal","G","VVS2",61.4,57,2250,5.17,5.2,3.18
0.5,"Ideal","E","VS1",61.9,54.1,1759,5.09,5.15,3.17
0.46,"Very Good","E","VS1",58.7,60,1452,5.08,5.15,3
0.41,"Ideal","D","SI1",62.2,57,1015,4.76,4.7,2.94
0.4,"Premium","H","VS1",62.7,58.5,793,4.7,4.74,2.96
0.3,"Premium","F","VS2",62.5,58,605,4.26,4.28,2.67
0.4,"Ideal","H","VVS2",61.1,55,868,4.75,4.78,2.91
0.9,"Good","H","SI2",63.5,58,2889,6.09,6.14,3.88
1.04,"Premium","I","SI1",61.8,60,4368,6.51,6.47,4.01
0.56,"Ideal","E","SI1",61.7,56,1698,5.33,5.3,3.28
0.44,"Premium","F","VS2",62.2,58,990,4.88,4.83,3.02
0.72,"Ideal","J","SI1",61.7,56,1853,5.77,5.81,3.57
0.54,"Premium","H","VS1",61.3,58,1637,5.25,5.22,3.21
0.54,"Ideal","F","VS1",61.5,55,2202,5.26,5.27,3.24
1.6,"Very Good","E","SI2",62,57,9900,7.47,7.54,4.65
0.7,"Ideal","D","SI1",62.5,56,2612,5.67,5.73,3.56
0.71,"Very Good","H","VS1",62.8,58,2277,5.67,5.7,3.57
0.51,"Ideal","F","VVS1",60.9,57,2208,5.16,5.21,3.16
0.27,"Very Good","E","VS1",60.6,59,413,4.19,4.22,2.55
0.7,"Premium","E","SI1",60.5,58,2777,5.77,5.74,3.48
0.38,"Ideal","H","VS1",60.6,57,871,4.7,4.73,2.85
1.03,"Good","D","SI2",57.2,59,3743,6.66,6.63,3.8
1.2,"Ideal","H","VS1",62,57,7294,6.69,6.76,4.17
0.41,"Ideal","J","VS2",62.3,54,613,4.77,4.8,2.98
0.55,"Good","E","SI1",63.3,54,1138,5.21,5.24,3.31
0.52,"Ideal","F","VS1",62.2,55,1872,5.18,5.14,3.21
2.07,"Ideal","J","VS2",62.2,56,11500,8.2,8.16,5.09
0.56,"Ideal","H","VS2",61.8,54,1694,5.34,5.31,3.29
1.21,"Ideal","I","SI1",62.4,55,5218,6.81,6.78,4.24
1.5,"Ideal","I","IF",61.3,56,12725,7.34,7.41,4.52
0.9,"Good","F","SI1",63.9,58,3604,6.12,6.08,3.9
0.7,"Ideal","F","SI2",62.6,53,2011,5.72,5.69,3.57
1.22,"Premium","F","SI1",61.8,59,6887,6.86,6.83,4.23
0.31,"Ideal","D","SI1",61.3,56,565,4.36,4.41,2.69
1.51,"Very Good","F","SI1",62.1,55,11302,7.29,7.37,4.55
0.43,"Very Good","G","VS2",59.1,60,867,4.88,4.93,2.9
0.3,"Premium","D","VS2",62.5,58,911,4.29,4.26,2.67
0.7,"Good","H","I1",56.5,57,1134,5.97,5.86,3.33
1.11,"Premium","I","SI2",61.8,58,4120,6.61,6.66,4.1
2.01,"Premium","J","SI1",60.7,61,12209,8.15,8.1,4.93
0.32,"Very Good","G","VS1",62.4,58,645,4.35,4.4,2.73
0.59,"Ideal","I","SI2",62.8,57,1202,5.33,5.37,3.36
0.31,"Very Good","G","SI1",63.1,59,593,4.33,4.29,2.72
0.5,"Very Good","F","VS1",59.9,61,1550,5.13,5.16,3.08
0.4,"Very Good","G","SI1",59.2,61,702,4.78,4.81,2.84
0.38,"Premium","E","VS1",60.7,59,1069,4.7,4.65,2.84
0.74,"Very Good","H","SI2",62.8,59,2198,5.72,5.77,3.61
0.9,"Ideal","I","SI1",62.3,56,3251,6.18,6.12,3.83
0.94,"Premium","H","SI2",61.9,57,3335,6.29,6.21,3.87
0.53,"Ideal","D","VVS1",62,57,2732,5.16,5.2,3.21
0.62,"Ideal","H","VS1",61.8,54,1828,5.5,5.53,3.41
1.11,"Premium","G","VS2",60.8,58,6713,6.7,6.65,4.06
0.5,"Good","D","SI2",61.9,63,1175,5.05,5.07,3.13
0.9,"Good","H","VS1",64,59,3669,6.05,6.01,3.86
0.9,"Good","H","SI1",62.8,62,3447,6.05,6.09,3.81
0.3,"Ideal","H","VVS1",63,54,878,4.3,4.27,2.7
0.4,"Good","H","VVS2",63.2,55,877,4.7,4.73,2.98
0.71,"Very Good","I","VS1",61.1,57,2332,5.75,5.8,3.53
0.41,"Premium","F","VS1",62.6,58,1076,4.75,4.74,2.97
0.71,"Ideal","I","SI1",62.5,57,2218,5.69,5.74,3.57
0.31,"Very Good","D","SI2",62.5,55,462,4.3,4.34,2.7
0.31,"Premium","G","IF",61,59,988,4.36,4.33,2.65
1.51,"Ideal","F","SI1",61.7,56,13334,7.35,7.41,4.55
0.33,"Very Good","G","VVS2",63,56,672,4.42,4.47,2.8
0.31,"Ideal","G","VS2",62.2,54,562,4.34,4.38,2.71
0.34,"Ideal","D","VS1",61.1,55,838,4.52,4.55,2.77
1.53,"Very Good","E","VS1",60.7,60,14931,7.38,7.52,4.52
0.61,"Good","G","VS2",59.6,61.5,1821,5.47,5.52,3.27
2.05,"Ideal","F","SI2",62.2,57,12743,8.19,8.12,5.07
1.21,"Very Good","G","VVS2",60.4,56,9484,6.88,6.92,4.17
0.78,"Ideal","D","SI1",61.9,57,2799,5.91,5.86,3.64
0.53,"Very Good","G","VS1",63,58,1607,5.15,5.17,3.25
0.71,"Premium","E","VS2",62.4,60,2613,5.68,5.66,3.54
0.39,"Premium","E","VVS1",60.7,58,1300,4.69,4.73,2.86
1.01,"Premium","G","SI2",59.4,60,4022,6.55,6.58,3.9
0.53,"Ideal","G","SI2",62.4,56,1093,5.18,5.14,3.22
0.41,"Ideal","E","SI2",60.7,57,876,4.85,4.81,2.93
1.04,"Ideal","H","VS2",62.2,57,6133,6.46,6.49,4.03
0.56,"Premium","E","VS2",58.8,59,1882,5.45,5.36,3.18
0.35,"Ideal","E","VVS2",61,57,849,4.54,4.58,2.78
1.1,"Ideal","I","SI1",60.8,61,4868,6.63,6.7,4.05
0.38,"Ideal","E","VS1",62.2,54.1,1133,4.63,4.65,2.89
1.17,"Ideal","G","VS2",62,56,7548,6.74,6.71,4.17
0.56,"Ideal","E","VVS2",62.6,54,2441,5.28,5.32,3.32
0.37,"Ideal","G","IF",62.1,55,1056,4.6,4.64,2.87
1.14,"Premium","F","SI1",62.5,59,5135,6.65,6.67,4.16
1.16,"Premium","G","VS2",59.9,60,7074,6.85,6.88,4.11
0.33,"Ideal","E","VS2",62.1,57,928,4.44,4.41,2.75
0.92,"Ideal","J","VS1",62.4,56,3332,6.23,6.19,3.88
0.23,"Good","F","VVS2",62.8,61,505,3.92,3.95,2.47
0.43,"Premium","G","VVS1",62,59,1207,4.8,4.82,2.98
0.38,"Very Good","E","VS1",61.5,58,1000,4.64,4.69,2.87
0.32,"Very Good","G","IF",62.9,55,872,4.37,4.4,2.75
0.3,"Very Good","G","SI1",62.8,56,447,4.28,4.32,2.7
1.11,"Ideal","H","SI2",62.6,56,4719,6.58,6.65,4.14
0.23,"Very Good","E","VVS1",62.9,59,518,3.9,3.95,2.47
1.59,"Ideal","J","VVS2",60.3,57,8227,7.65,7.58,4.59
0.31,"Ideal","G","IF",61.3,56,891,4.38,4.4,2.69
0.3,"Ideal","H","VVS1",62,55,878,4.34,4.3,2.68
0.39,"Very Good","G","VS1",60.3,59,790,4.71,4.77,2.86
0.31,"Very Good","D","SI1",63.1,57,732,4.32,4.3,2.72
0.51,"Ideal","G","SI2",61.3,55,1094,5.17,5.19,3.17
0.61,"Ideal","D","VVS1",62.1,56,4279,5.46,5.43,3.38
0.54,"Ideal","G","SI1",62.6,57,1292,5.18,5.21,3.25
0.57,"Very Good","G","VS2",59.9,54.6,1633,5.43,5.46,3.26
0.3,"Ideal","F","VVS1",62.2,53,857,4.3,4.32,2.68
2.53,"Premium","H","SI1",62.1,59,18254,8.83,8.73,5.45
1.21,"Premium","J","VVS2",60.8,60,5572,6.86,6.88,4.18
1.12,"Premium","H","SI2",61,56,4077,6.68,6.65,4.07
0.4,"Premium","F","SI1",62.6,59,945,4.74,4.68,2.95
0.46,"Good","F","VS1",64.4,60,1113,4.88,4.9,3.15
0.9,"Ideal","E","SI2",62.6,57,3808,6.13,6.2,3.86
0.37,"Ideal","E","VS1",61.4,56,874,4.65,4.66,2.86
1.2,"Premium","I","SI2",60,58,4989,6.91,6.93,4.15
0.4,"Good","F","SI1",63.6,56,687,4.63,4.68,2.96
0.34,"Ideal","F","VS2",61,57,880,4.5,4.48,2.74
0.51,"Ideal","E","VS2",61.9,56,1656,5.12,5.16,3.18
2.44,"Premium","I","SI2",61.4,56,13027,8.74,8.7,5.35
1.2,"Premium","J","SI2",61.1,59,4234,6.81,6.78,4.15
0.32,"Ideal","F","VS1",61.9,56,900,4.4,4.35,2.71
1.23,"Premium","G","VVS2",59.6,59,8971,6.98,6.95,4.15
0.6,"Ideal","F","VS1",61.9,55,2201,5.4,5.42,3.35
0.31,"Premium","F","VS2",61.3,59,802,4.34,4.31,2.65
0.4,"Ideal","H","VS1",61.8,56,807,4.74,4.78,2.94
1.12,"Ideal","D","SI1",61.2,58,7145,6.65,6.68,4.08
0.51,"Good","D","SI1",63.6,57,1574,5.08,5.05,3.22
0.24,"Very Good","F","VS2",62.9,58,419,3.94,4.01,2.5
2.08,"Good","I","SI2",63.8,58,13956,8.02,8.1,5.14
0.23,"Very Good","F","VVS2",60.4,61,505,3.93,3.95,2.38
1.01,"Premium","G","VS1",60.9,58,6759,6.43,6.47,3.93
1.23,"Very Good","G","SI1",63.1,56,6665,6.81,6.78,4.29
1.5,"Very Good","H","VS2",61.6,55,10558,7.37,7.43,4.56
0.4,"Premium","D","SI2",62.4,58,855,4.73,4.69,2.94
1.33,"Premium","H","SI2",61,59,5437,7.1,7.06,4.32
0.7,"Premium","F","SI1",59.9,58,2306,5.73,5.69,3.42
1.52,"Premium","J","VS1",62.5,58,9014,7.37,7.34,4.6
1.52,"Premium","I","VS1",61.1,58,9557,7.44,7.38,4.53
0.3,"Premium","H","SI1",62.2,60,540,4.28,4.24,2.65
0.72,"Ideal","E","VS2",60.8,57,3091,5.79,5.82,3.53
0.56,"Ideal","F","SI1",61.5,55,1334,5.3,5.34,3.27
0.31,"Good","D","SI1",63.9,54,732,4.3,4.27,2.74
1.51,"Ideal","G","VVS2",62.3,55,14616,7.29,7.35,4.56
1.39,"Ideal","G","VVS2",61.4,54,12462,7.22,7.3,4.44
1,"Very Good","F","VVS2",60,62,8553,6.43,6.46,3.87
0.23,"Ideal","E","VVS2",62.8,57,530,3.91,3.96,2.47
0.3,"Ideal","G","VS1",63.1,55,624,4.25,4.31,2.7
0.7,"Fair","G","VS2",65.3,57,2338,5.58,5.47,3.61
0.44,"Good","J","VS1",63.1,57,694,4.83,4.87,3.06
0.71,"Good","D","SI2",63.3,55,2436,5.65,5.72,3.6
0.54,"Ideal","J","VS1",61,56.1,1240,5.25,5.28,3.21
0.9,"Very Good","I","VS2",61.2,57,3720,6.15,6.2,3.78
0.41,"Ideal","J","VVS1",61.2,57,994,4.82,4.79,2.94
1.2,"Good","J","VS2",63.7,56,5053,6.67,6.62,4.23
1.06,"Very Good","G","I1",60.7,63,2080,6.59,6.56,3.99
0.4,"Premium","G","SI1",61.6,59,900,4.72,4.66,2.89
0.72,"Ideal","D","SI1",60.8,57,2757,5.75,5.76,3.5
0.4,"Premium","G","VS1",60.7,58,877,4.78,4.81,2.91
1.01,"Very Good","H","SI1",62.3,63,4449,6.3,6.23,3.9
1.2,"Ideal","J","VS2",61.6,54,4099,6.88,6.82,4.22
0.51,"Ideal","E","VS2",61.5,58,1605,5.12,5.15,3.16
1.12,"Ideal","I","VS2",61.2,54,5392,6.74,6.77,4.13
0.7,"Ideal","F","VS1",62.4,53,2839,5.73,5.71,3.57
0.32,"Ideal","E","VS2",62.1,55,900,4.43,4.39,2.74
0.33,"Ideal","E","VS1",62.3,53.8,771,4.42,4.44,2.76
0.34,"Ideal","H","IF",62,53,863,4.49,4.51,2.79
0.4,"Ideal","H","VS2",61.4,57,926,4.72,4.79,2.92
1.01,"Ideal","G","VS1",61.8,57,6618,6.45,6.4,3.97
1.07,"Ideal","G","VS2",61.1,59,6324,6.62,6.57,4.03
0.31,"Good","I","VS1",63.9,56,489,4.28,4.3,2.74
1,"Fair","H","SI2",65.3,62,2818,6.34,6.12,4.08
0.78,"Very Good","F","SI2",62.4,59,2586,5.86,5.91,3.67
0.3,"Ideal","E","VS2",62.3,57,658,4.29,4.32,2.68
0.41,"Ideal","G","VVS1",61.7,55,1151,4.77,4.79,2.95
1.24,"Very Good","I","VS1",61.4,63,5444,6.89,6.88,4.23
1.7,"Very Good","I","SI1",61.8,58,9845,7.55,7.66,4.7
1.27,"Good","J","VS1",63.4,60,5588,6.8,6.85,4.33
1.09,"Ideal","G","VS1",62.1,55.1,7487,6.57,6.63,4.1
1,"Premium","F","SI2",58.2,59,4480,6.51,6.49,3.78
0.67,"Good","D","SI2",64.7,55,1664,5.5,5.54,3.57
0.7,"Good","E","SI2",57.8,61,2310,5.88,5.82,3.38
1.02,"Ideal","G","VS2",61.4,55,6499,6.48,6.51,3.99
0.83,"Good","H","SI2",63.9,56,2316,5.93,5.99,3.81
1.55,"Ideal","D","SI2",61.1,56,10275,7.45,7.48,4.56
1.13,"Premium","J","SI2",62.4,59,3987,6.68,6.62,4.15
1.21,"Very Good","H","VS2",62.9,57,6189,6.75,6.8,4.26
0.26,"Ideal","D","VS1",62,55,452,4.1,4.12,2.55
1.65,"Very Good","J","SI1",61.7,56,7903,7.61,7.66,4.71
1.21,"Premium","I","SI1",60.6,56,5556,6.97,6.89,4.2
1.33,"Very Good","I","VS2",62.5,61,6203,6.99,7.02,4.38
0.73,"Ideal","E","VS2",61.4,55,2902,5.82,5.8,3.57
0.53,"Ideal","D","VS2",60.6,57,1857,5.24,5.28,3.19
0.91,"Good","G","VS2",59.9,61,4125,6.2,6.33,3.75
0.71,"Very Good","E","VS1",63.2,60,3006,5.63,5.6,3.55
0.51,"Ideal","G","VS2",61.9,55,1450,5.07,5.1,3.15
1.06,"Very Good","H","SI2",62.8,57,4372,6.49,6.57,4.1
1,"Very Good","F","SI2",62.9,59,4037,6.27,6.38,3.98
0.7,"Very Good","F","SI1",62.4,56,2573,5.63,5.69,3.53
0.65,"Ideal","D","VVS1",61.8,57,4022,5.54,5.56,3.43
1.51,"Fair","H","SI2",66.9,57,5919,7.13,7.09,4.75
0.25,"Ideal","E","VVS2",62.1,57,576,4.04,4.07,2.52
0.4,"Very Good","E","VVS1",60,58,1217,4.77,4.8,2.87
0.51,"Ideal","F","SI2",60.5,55,1169,5.17,5.21,3.14
0.53,"Very Good","D","SI1",60,59.8,1724,5.25,5.26,3.15
0.32,"Premium","E","I1",60.9,58,444,4.42,4.38,2.68
0.34,"Ideal","F","VS1",61.1,57,692,4.51,4.55,2.77
0.64,"Very Good","E","VVS2",61.8,59,3541,5.51,5.53,3.41
0.51,"Good","E","SI1",63.5,54,1343,5.07,5.1,3.23
0.25,"Ideal","G","SI1",62.3,57,407,4.03,4.09,2.53
0.58,"Ideal","E","VS1",62.6,56,1893,5.33,5.27,3.32
0.34,"Good","E","SI1",63.3,56,596,4.41,4.44,2.8
0.52,"Ideal","G","VS1",62.7,56,1689,5.14,5.16,3.23
1.52,"Very Good","G","SI1",62.5,58,10150,7.26,7.3,4.55
1.1,"Ideal","F","VVS1",62.7,57,10861,6.57,6.63,4.14
0.71,"Premium","E","SI1",60.1,60,2552,5.78,5.73,3.45
0.3,"Very Good","F","VS2",62.8,56,605,4.29,4.31,2.7
0.5,"Premium","F","SI2",58,62,1031,5.21,5.18,3.01
0.37,"Premium","G","SI1",62.1,60,551,4.54,4.61,2.84
0.7,"Premium","J","SI1",61.3,59,1827,5.75,5.73,3.52
0.42,"Good","E","SI1",63.6,61,945,4.73,4.7,3
1.5,"Very Good","G","VS2",60.7,59,18691,7.31,7.38,4.46
1,"Fair","I","VS1",64,49,3951,6.43,6.39,4.1
0.41,"Premium","F","VS2",60.3,58,1107,4.85,4.8,2.91
0.38,"Ideal","E","SI1",61,56,694,4.68,4.69,2.86
0.3,"Ideal","H","VS1",62.5,56,526,4.24,4.27,2.66
0.72,"Very Good","J","SI1",63,58,1989,5.67,5.7,3.58
0.58,"Ideal","G","VS2",61.1,55,1951,5.42,5.38,3.3
0.75,"Fair","J","VS2",59.1,66,1944,5.99,5.82,3.49
0.31,"Premium","F","VS2",61.4,55,802,4.34,4.32,2.66
0.35,"Ideal","D","VS2",60.5,56,907,4.63,4.6,2.79
1.03,"Premium","E","SI2",61.7,61,3876,6.49,6.45,3.99
0.41,"Very Good","E","VS1",59.8,61,1079,4.79,4.85,2.88
1.7,"Premium","I","VS2",62.2,58,11781,7.6,7.65,4.74
0.54,"Very Good","G","VS1",63.6,56,1698,5.17,5.24,3.31
0.3,"Good","H","SI1",63.7,57,432,4.26,4.28,2.72
0.3,"Ideal","H","VVS2",62.2,57,590,4.26,4.29,2.66
0.71,"Premium","F","VS1",61.8,59,2765,5.69,5.73,3.53
0.9,"Fair","E","SI2",57.5,68,3187,6.37,6.33,3.65
0.31,"Ideal","E","VS2",61.6,56,872,4.38,4.32,2.68
0.41,"Ideal","F","SI1",62.7,57,969,4.74,4.7,2.96
0.9,"Good","G","VS1",63.7,56,4540,6.07,6.15,3.89
0.3,"Premium","H","VVS1",62,59,878,4.29,4.26,2.65
0.36,"Ideal","E","VS2",61.7,57,878,4.59,4.55,2.82
1.55,"Ideal","I","VS2",62.6,56,9233,7.41,7.35,4.62
1.03,"Premium","D","SI1",61.8,57,5491,6.53,6.49,4.02
0.31,"Good","H","VS2",63.5,57,489,4.32,4.34,2.75
1.64,"Ideal","F","SI2",61.4,57,10733,7.55,7.59,4.65
1.27,"Ideal","E","VS1",61.8,57,11840,6.94,6.98,4.3
0.9,"Very Good","D","SI2",59.8,53,3632,6.2,6.25,3.72
0.45,"Very Good","G","VVS1",60.1,58,1263,4.95,4.97,2.98
1,"Premium","H","I1",60.4,61,1932,6.39,6.32,3.84
1.27,"Premium","H","VS2",62.1,60,7219,6.94,6.88,4.29
1.05,"Premium","D","SI2",60.4,57,5057,6.6,6.55,3.97
0.32,"Very Good","H","VS1",60.5,59,561,4.41,4.42,2.67
0.3,"Ideal","F","VS2",60.7,57,776,4.34,4.29,2.62
0.32,"Premium","G","VVS2",61.6,60,936,4.4,4.37,2.7
0.3,"Premium","I","VS1",61.7,59,608,4.3,4.26,2.64
1.24,"Ideal","H","SI1",62.5,56,6095,6.92,6.88,4.31
0.5,"Premium","E","VS2",61.5,56,1746,5.11,5.07,3.13
1.03,"Premium","F","SI2",61.6,58,4503,6.43,6.46,3.97
1.51,"Good","I","SI1",63.9,59,9069,7.18,7.26,4.61
0.32,"Very Good","H","VS1",61.7,58,561,4.37,4.41,2.71
0.32,"Ideal","D","SI1",62,57,756,4.4,4.37,2.72
0.52,"Very Good","G","VS2",63.3,57,1450,5.11,5.09,3.23
0.7,"Ideal","G","VS2",61.2,57,2515,5.77,5.7,3.51
0.4,"Very Good","E","VS2",62.9,55,912,4.73,4.74,2.98
0.39,"Good","J","VS1",63.1,56,616,4.62,4.7,2.94
0.71,"Ideal","H","SI2",61.5,56,2122,5.71,5.74,3.52
0.51,"Good","F","VS2",63.7,56,1574,5.05,5.03,3.21
0.51,"Very Good","G","VVS2",63.5,56,1842,5.11,5.07,3.23
1.01,"Fair","E","SI1",65.3,59,4844,6.13,6.19,4.02
1.58,"Ideal","I","VVS1",61.9,55,11435,7.47,7.51,4.64
0.35,"Very Good","H","SI1",63.3,54,647,4.53,4.51,2.86
1.02,"Fair","I","SI2",64.5,56,3084,6.28,6.25,4.04
1.34,"Premium","J","VS2",62.6,58,5778,7.08,7.01,4.41
0.55,"Ideal","H","VVS1",61.7,55,1845,5.27,5.3,3.27
0.5,"Ideal","E","VS2",62.3,57,1559,5.04,5.08,3.15
1.18,"Ideal","H","VS1",64.9,58,7216,6.57,6.53,4.25
0.3,"Ideal","D","VS2",61.6,57,710,4.3,4.33,2.66
0.32,"Premium","H","VVS1",61.5,59,730,4.37,4.41,2.7
1.01,"Premium","H","SI1",61.3,58,4513,6.47,6.39,3.94
0.28,"Ideal","E","VS2",61.5,56,598,4.22,4.24,2.6
0.35,"Ideal","E","VS2",62.4,57,984,4.55,4.52,2.83
0.43,"Very Good","E","VVS1",61.2,56,1433,4.84,4.87,2.97
0.59,"Ideal","G","VS2",62.6,54,1664,5.32,5.38,3.35
0.85,"Fair","G","VS1",57.7,67,2998,6.26,6.19,3.59
0.5,"Ideal","E","VS2",62.2,55,1746,5.09,5.07,3.16
0.52,"Ideal","D","SI2",61.2,57,1292,5.2,5.22,3.19
0.71,"Very Good","D","VS1",64.1,57,3332,5.64,5.66,3.62
0.35,"Premium","E","SI1",62.9,58,788,4.52,4.48,2.83
0.29,"Good","E","VVS2",63.2,60,617,4.17,4.19,2.64
0.7,"Premium","E","SI2",62.1,59,2273,5.65,5.63,3.5
0.72,"Very Good","H","VS2",62.9,58,2396,5.7,5.75,3.6
1.82,"Very Good","J","VS1",62.2,56,10090,7.83,7.96,4.91
2.04,"Premium","G","SI2",61.8,56,16426,8.13,8.05,5
0.59,"Good","D","SI1",63.7,56,1821,5.35,5.32,3.4
0.31,"Ideal","G","VVS1",61.9,55,1046,4.36,4.3,2.68
0.7,"Ideal","H","VS1",61.2,55,3185,5.71,5.76,3.51
0.54,"Ideal","G","SI1",59.6,59,1574,5.34,5.3,3.17
0.31,"Ideal","G","SI1",62.2,55,593,4.36,4.35,2.71
1.01,"Very Good","E","VS2",60.4,58,6522,6.47,6.6,3.95
